career_stage,avg_salary_usd
Senior Level,157490.17835941716
Mid Level,107507.12404911651
Entry Level,67473.50769785904
