role_group,avg_salary_usd
Applied AI / Research,111382.24216678718
Data Analytics,111343.31513317191
Machine Learning,110816.6923453167
Data Science,110740.23156956004
AI Research,110574.63262032086
MLOps,110348.28854129637
