country,avg_salary_usd
Australia,111485.41233687772
USA,111057.53716461203
UK,111039.29058211074
Germany,110897.89029358898
India,110396.95491017964
Canada,110314.31283873299
