remote_type,avg_salary_usd
Hybrid,111169.1229686764
Remote,110910.66103289234
Onsite,110506.85509130487
